/* CREATE USER TABLE */

CREATE TABLE [USER](
    USERID BIGINT,
    USERNAME VARCHAR(50),
    FIRSTNAME VARCHAR(50),
    LASTNAME VARCHAR(50),
    USERPASSWORD VARCHAR(50),
    EMAILID VARCHAR(100),
    ADDRESS NVARCHAR(500),
    GENDER VARCHAR(10),
    ASSESSMENTID BIGINT
)

SELECT * FROM [USER]

/* MAKE USERID COLUMN NOT NULL */
ALTER TABLE [USER]
ALTER COLUMN [USERID] BIGINT NOT NULL

/* PRIMARY KEY CONSTRAINT TO USER TABLE */
ALTER TABLE [USER]
ADD CONSTRAINT PK_USERID PRIMARY KEY (USERID)

/* UNIQUE CONSTRAINT TO USERNAME COLUMN ON USER TABLE */
ALTER TABLE [USER]
ADD CONSTRAINT UC_UNIQUE UNIQUE(USERNAME)

/* CREATE ASSESSMENT TABLE */
CREATE TABLE[ASSESSMENTTABLE](
    ASSESSMENTID BIGINT NOT NULL,
    ASSESSMENTNAME VARCHAR(100)
    CONSTRAINT PK_ASSESSMENTID PRIMARY KEY(ASSESSMENTID)
)

/* INSERT RECORDS INTO ASSESSMENT TABLE */
INSERT INTO [ASSESSMENTTABLE](ASSESSMENTID, ASSESSMENTNAME)
VALUES(201, 'HALFYEARASSESSMENT')
INSERT INTO [ASSESSMENTTABLE](ASSESSMENTID, ASSESSMENTNAME)
VALUES(202, 'FULLYEARASSESSMENT')

SELECT * FROM ASSESSMENTTABLE

/* SETTING PASSWORD TO A DEFAULT VALUE */
ALTER TABLE [USER]
ADD CONSTRAINT DF_USERPASSWORD
DEFAULT 'PASSWORD' FOR USERPASSWORD 

/* SETTING AN DEFAULT ADDRESS VALUE*/
ALTER TABLE [USER]
ADD CONSTRAINT DF_ADDRESS
DEFAULT 'EXCELSOFT MYSORE' FOR ADDRESS

/* INSERT RECORDS INTO USER TABLE */
INSERT INTO [USER] (USERID, USERNAME, FIRSTNAME, LASTNAME, EMAILID, GENDER, ASSESSMENTID)
VALUES (101, '101ANUSHA', 'ANUSHA', 'DHANANJAYA', 'ANUSHA@EMAIL.COM', 'F', 201 )

INSERT INTO [USER] (USERID, USERNAME, FIRSTNAME, LASTNAME, EMAILID, GENDER, ASSESSMENTID)
VALUES (102, '102VIVAN', 'VIVAN', 'DATTA', 'VIVAN@EMAIL.COM', 'M', 202 )

INSERT INTO [USER] (USERID, USERNAME, FIRSTNAME, LASTNAME, EMAILID, GENDER, ASSESSMENTID)
VALUES (103, '103DHANANJAYA', 'DHANANJAYA', 'YD', 'DHANANJAYA@EMAIL.COM', 'M', 201 )


INSERT INTO [USER] (USERID, USERNAME, FIRSTNAME, LASTNAME, EMAILID, GENDER, ASSESSMENTID)
VALUES (104, '104NALINI', 'NALINI', 'DHANANJAYA', 'NALINI@EMAIL.COM', 'F', 202 )

INSERT INTO [USER] (USERID, USERNAME, FIRSTNAME, LASTNAME, EMAILID, GENDER, ASSESSMENTID)
VALUES (105, '105ANANYA', 'ANANYA', 'DHANANJAYA', 'ANANYA@EMAIL.COM', 'F', 201 )

INSERT INTO [USER] (USERID, USERNAME, FIRSTNAME, LASTNAME, EMAILID, GENDER, ASSESSMENTID)
VALUES (106, '106ANTONY', 'ANTONY', 'THOMAS', 'ANTONY@EMAIL.COM', 'M', 202 )

INSERT INTO [USER] (USERID, USERNAME, FIRSTNAME, LASTNAME, EMAILID, GENDER, ASSESSMENTID)
VALUES (107, '107SHEETHAL', 'SHEETHAL', 'KUMAR', 'SHEETHAL@EMAIL.COM', 'M', 201 )

INSERT INTO [USER] (USERID, USERNAME, FIRSTNAME, LASTNAME, EMAILID, GENDER, ASSESSMENTID)
VALUES (108, '108PRUTHVI', 'PRUTHVI', 'PRUTHVI', 'PRUTHVI@EMAIL.COM', 'F', 202 )

INSERT INTO [USER] (USERID, USERNAME, FIRSTNAME, LASTNAME, EMAILID, GENDER, ASSESSMENTID)
VALUES (109, '109SAMATHA', 'SAMATHA', 'SAMATHA', 'SAMATHA@EMAIL.COM', 'F', 201 )

INSERT INTO [USER] (USERID, USERNAME, FIRSTNAME, LASTNAME, EMAILID, GENDER, ASSESSMENTID)
VALUES (110, '110POOJA', 'POOJA', 'PATIL', 'POOJA@EMAIL.COM', 'F', 202 )

INSERT INTO [USER] (USERID, USERNAME, FIRSTNAME, LASTNAME, EMAILID, GENDER, ASSESSMENTID)
VALUES (111, '111SHREYAS', 'SHREYAS', 'SHREYAS', 'SHREYAS@EMAIL.COM', 'M', 201 )

INSERT INTO [USER] (USERID, USERNAME, FIRSTNAME, LASTNAME, EMAILID, GENDER, ASSESSMENTID)
VALUES (112, '112LAKSHMI', 'LAKSHMI', 'GOWDA', 'LAKSHMI@EMAIL.COM', 'F', 202 )

INSERT INTO [USER] (USERID, USERNAME, FIRSTNAME, LASTNAME, EMAILID, GENDER, ASSESSMENTID)
VALUES (113, '113ARPITHA', 'ARPITHA', 'PONAMMA', 'ARPITHA@EMAIL.COM', 'F', 201 )

INSERT INTO [USER] (USERID, USERNAME, FIRSTNAME, LASTNAME, EMAILID, GENDER, ASSESSMENTID)
VALUES (114, '114MADHUMITHA', 'MADHUMITHA', 'GOWDA', 'MADHUMITHA@EMAIL.COM', 'F', 202 )

INSERT INTO [USER] (USERID, USERNAME, FIRSTNAME, LASTNAME, EMAILID, GENDER, ASSESSMENTID)
VALUES (115, '115LATHA', 'LATHA', 'ANEKAL', 'LATHA@EMAIL.COM', 'F', 201 )

INSERT INTO [USER] (USERID, USERNAME, FIRSTNAME, LASTNAME, EMAILID, GENDER, ASSESSMENTID)
VALUES (116, '116VEENA', 'VEENA', 'PRASANNA', 'VEENA@EMAIL.COM', 'F', 202 )

INSERT INTO [USER] (USERID, USERNAME, FIRSTNAME, LASTNAME, EMAILID, GENDER, ASSESSMENTID)
VALUES (117, '117ADARSH', 'ADARSH', 'AIYAPPA', 'ADARSH@EMAIL.COM', 'M', 201 )

INSERT INTO [USER] (USERID, USERNAME, FIRSTNAME, LASTNAME, EMAILID, GENDER, ASSESSMENTID)
VALUES (118, '118', 'ABHIJITH', 'GUPTHA', 'ABHIJITH@EMAIL.COM', 'M', 202 )

INSERT INTO [USER] (USERID, USERNAME, FIRSTNAME, LASTNAME, EMAILID, GENDER)
VALUES (119, '119DEEP', 'DEEP', 'BASAVA', 'DEEP@EMAIL.COM', 'M' )

INSERT INTO [USER] (USERID, USERNAME, FIRSTNAME, LASTNAME, EMAILID, GENDER)
VALUES (120, '120CHELLA', 'CHELLA', 'GANESH', 'CHELLA@EMAIL.COM', 'F' )

/* UPDATING A RECORD IN USER TABLE */
UPDATE [USER]
SET GENDER='M'
WHERE USERID='120'

/* ADDING ASSESSMENT DATE AND SCORE COLUMNS TO USER TABLE */
ALTER TABLE [USER]
 ADD  ASSESSMENTDATE DATE

ALTER TABLE [USER]
ADD SCORE INT

UPDATE [USER]
SET SCORE= 200
WHERE USERID=101 OR USERID= 103 OR USERID= 105 OR USERID= 107 OR USERID= 109 OR USERID= 111 OR USERID= 113 OR USERID=115 OR USERID=117

UPDATE [USER]
SET SCORE=300
WHERE USERID=102 OR USERID=104 OR USERID=106 OR USERID= 108 OR USERID=110 OR USERID= 112 OR USERID= 114 OR USERID= 116 OR USERID=118

SELECT * FROM [USER]

UPDATE [USER]
SET ASSESSMENTDATE= '2019-06-03'
WHERE USERID=101 OR USERID= 103 OR USERID= 105 OR USERID= 107 OR USERID= 109 OR USERID= 111 OR USERID= 113 OR USERID=115 OR USERID=117

/*DROPPING COLUMN ASSESSMENTDATE, THAT CAN BE ADDED TO ASSESSMENTTABLE */

ALTER TABLE [USER]
DROP COLUMN ASSESSMENTDATE

ALTER TABLE [ASSESSMENTTABLE]
ADD ASSESSMENTDATE DATE

UPDATE [ASSESSMENTTABLE]
SET ASSESSMENTDATE= '2019-06-03'
WHERE ASSESSMENTID=201

UPDATE [ASSESSMENTTABLE]
SET ASSESSMENTDATE= '2019-01-03'
WHERE ASSESSMENTID=202

SELECT * FROM ASSESSMENTTABLE

/* MAKING ASSESSMENTID FOREIGN KEY REFERENCING ASSESSMENTID OF */
ALTER TABLE [USER]
ADD CONSTRAINT FK_ASSESSMENTID  FOREIGN KEY (ASSESSMENTID)
REFERENCES ASSESSMENTTABLE(ASSESSMENTID) 

/* CREATE CONTENT TABLE */
CREATE TABLE [CONTENTTABLE](
    CONTENTID BIGINT NOT NULL,
    CONTENTNAME VARCHAR(100),
    COURSEID BIGINT NOT NULL,
    ASSESSMENTID BIGINT 
    CONSTRAINT FK_ASSESSMENID FOREIGN KEY (ASSESSMENTID)
    REFERENCES ASSESSMENTTABLE (ASSESSMENTID),
    CONSTRAINT PF_CONTENTID PRIMARY KEY (CONTENTID)
)

/* INSERT RECORDS INTO CONTENT TABLE */
INSERT INTO [CONTENTTABLE](CONTENTID,CONTENTNAME,COURSEID,ASSESSMENTID)
VALUES(301, 'WEBDEVELOPMENT', 401,201)
INSERT INTO [CONTENTTABLE](CONTENTID,CONTENTNAME,COURSEID,ASSESSMENTID)
VALUES(302, 'DATABASE', 401,201)
INSERT INTO [CONTENTTABLE](CONTENTID,CONTENTNAME,COURSEID,ASSESSMENTID)
VALUES(303, 'TESTING', 402,201)
INSERT INTO [CONTENTTABLE](CONTENTID,CONTENTNAME,COURSEID,ASSESSMENTID)
VALUES(304, 'MACHINELEARNING', 402,201)
INSERT INTO [CONTENTTABLE](CONTENTID,CONTENTNAME,COURSEID,ASSESSMENTID)
VALUES(305, 'BIGDATA', 403,202)
INSERT INTO [CONTENTTABLE](CONTENTID,CONTENTNAME,COURSEID,ASSESSMENTID)
VALUES(306, 'ETL', 403,202)
INSERT INTO [CONTENTTABLE](CONTENTID,CONTENTNAME,COURSEID,ASSESSMENTID)
VALUES(307, 'JAVA', 404,202)
INSERT INTO [CONTENTTABLE](CONTENTID,CONTENTNAME,COURSEID,ASSESSMENTID)
VALUES(308, 'GAMING', 404,202)

/* CREATE COURSE TABLE */
CREATE TABLE [COURSETABLE](
    COURSEID BIGINT,
    COURSENAME VARCHAR(50),
    STARTDATE DATE,
    ENDDATE DATE,
    CONSTRAINT PK_COURSEID PRIMARY KEY(COURSEID)
)

/* INSERT RECORDS TO COURSETABLE*/
INSERT INTO [COURSETABLE](COURSEID, COURSENAME, STARTDATE, ENDDATE)
VALUES (401, 'SPRING', '2019-04-01', '2019-06-01')

INSERT INTO [COURSETABLE](COURSEID, COURSENAME, STARTDATE, ENDDATE)
VALUES (402, 'SUMMER', '2019-06-01', '2019-08-01')

INSERT INTO [COURSETABLE](COURSEID, COURSENAME, STARTDATE, ENDDATE)
VALUES (403, 'FALL', '2019-08-01', '2019-12-01')

INSERT INTO [COURSETABLE](COURSEID, COURSENAME, STARTDATE, ENDDATE)
VALUES (404, 'WINTER', '2019-12 -01', '2019-03-01')

SELECT * FROM [COURSETABLE]

/* MAKING COURSEID IN CONTENT TABLE FOREIGN KEY TO COURSETABLE*/
ALTER TABLE [CONTENTTABLE]
ADD CONSTRAINT FK_COURSEID FOREIGN KEY(COURSEID) 
REFERENCES [COURSETABLE]

/* CREATE ROLE TABLE */
CREATE TABLE [ROLETABLE](
    ROLEID BIGINT,
    ROLENAME VARCHAR(50)
    CONSTRAINT PK_ROLEID PRIMARY KEY
)

/* MAKING ROLEID AS THE PK */
ALTER TABLE [ROLETABLE]
DROP CONSTRAINT PK_ROLEID

ALTER TABLE [ROLETABLE]
ALTER COLUMN ROLEID BIGINT NOT NULL
ALTER TABLE [ROLETABLE]
ADD CONSTRAINT PK_ROLEID PRIMARY KEY (ROLEID)
/* INSERT RECORDS TO ROLE TABLE */
INSERT INTO [ROLETABLE](ROLEID, ROLENAME)
VALUES(601, 'ADMIN')
INSERT INTO [ROLETABLE](ROLEID, ROLENAME)
VALUES(602, 'MODERATOR')
INSERT INTO [ROLETABLE](ROLEID, ROLENAME)
VALUES(603, 'TEACHER')
INSERT INTO [ROLETABLE](ROLEID, ROLENAME)
VALUES(604, 'STUDENT')

SELECT * FROM [ROLETABLE]

/* CREATE ENROLLMENT TABLE */
CREATE TABLE [ENROLLMENTTABLE](
    ENROLLMENTID BIGINT NOT NULL,
    USERID BIGINT NOT NULL,
    ENROLLMENTDATE DATE NOT NULL,
    ROLEID BIGINT,
    COURSEID BIGINT
    CONSTRAINT PK_PRIMARYKEY PRIMARY KEY(ENROLLMENTID)
    CONSTRAINT FK_USERID FOREIGN KEY (USERID)
    REFERENCES [USER],
    CONSTRAINT FK_ROLEID FOREIGN KEY (ROLEID)
    REFERENCES [ROLETABLE],
    CONSTRAINT FK_COURSEIDENRTABLE FOREIGN KEY(COURSEID)
    REFERENCES [COURSETABLE]
)


/* INSERTING RECORDS INTO ENROLLMENT TABLE */
INSERT INTO [ENROLLMENTTABLE](ENROLLMENTID, USERID,ENROLLMENTDATE, ROLEID, COURSEID)
VALUES (501, 101, '2019-3-3', 603, 401)
INSERT INTO [ENROLLMENTTABLE](ENROLLMENTID, USERID,ENROLLMENTDATE, ROLEID, COURSEID)
VALUES (502, 101, '2019-5-4', 604, 402)
INSERT INTO [ENROLLMENTTABLE](ENROLLMENTID, USERID,ENROLLMENTDATE, ROLEID, COURSEID)
VALUES (503, 101, '2019-7-5', 604, 403)
INSERT INTO [ENROLLMENTTABLE](ENROLLMENTID, USERID,ENROLLMENTDATE, ROLEID, COURSEID)
VALUES (504, 102, '2019-11-6', 603, 404)
INSERT INTO [ENROLLMENTTABLE](ENROLLMENTID, USERID,ENROLLMENTDATE, ROLEID, COURSEID)
VALUES (505, 102, '2019-3-3', 604, 401)
INSERT INTO [ENROLLMENTTABLE](ENROLLMENTID, USERID,ENROLLMENTDATE, ROLEID, COURSEID)
VALUES (506, 102, '2019-5-4', 604, 402)
INSERT INTO [ENROLLMENTTABLE](ENROLLMENTID, USERID,ENROLLMENTDATE, ROLEID, COURSEID)
VALUES (507, 103, '2019-7-5', 603, 403)
INSERT INTO [ENROLLMENTTABLE](ENROLLMENTID, USERID,ENROLLMENTDATE, ROLEID, COURSEID)
VALUES (508, 103, '2019-11-6', 604, 404)
INSERT INTO [ENROLLMENTTABLE](ENROLLMENTID, USERID,ENROLLMENTDATE, ROLEID, COURSEID)
VALUES (509, 103, '2019-3-3', 604, 401)
INSERT INTO [ENROLLMENTTABLE](ENROLLMENTID, USERID,ENROLLMENTDATE, ROLEID, COURSEID)
VALUES (510, 104, '2019-5-4', 603, 402)
INSERT INTO [ENROLLMENTTABLE](ENROLLMENTID, USERID,ENROLLMENTDATE, ROLEID, COURSEID)
VALUES (511, 104, '2019-7-5', 604, 403)
INSERT INTO [ENROLLMENTTABLE](ENROLLMENTID, USERID,ENROLLMENTDATE, ROLEID, COURSEID)
VALUES (512, 104, '2019-11-6', 604, 404)
INSERT INTO [ENROLLMENTTABLE](ENROLLMENTID, USERID,ENROLLMENTDATE, ROLEID, COURSEID)
VALUES (513, 105, '2019-3-3', 603, 401)
INSERT INTO [ENROLLMENTTABLE](ENROLLMENTID, USERID,ENROLLMENTDATE, ROLEID, COURSEID)
VALUES (514, 105, '2019-5-4', 604, 402)
INSERT INTO [ENROLLMENTTABLE](ENROLLMENTID, USERID,ENROLLMENTDATE, ROLEID, COURSEID)
VALUES (515, 105, '2019-7-5', 604, 403)
INSERT INTO [ENROLLMENTTABLE](ENROLLMENTID, USERID,ENROLLMENTDATE, ROLEID, COURSEID)
VALUES (516, 106, '2019-11-6', 603, 404)
INSERT INTO [ENROLLMENTTABLE](ENROLLMENTID, USERID,ENROLLMENTDATE, ROLEID, COURSEID)
VALUES (517, 106, '2019-3-3', 604, 401)
INSERT INTO [ENROLLMENTTABLE](ENROLLMENTID, USERID,ENROLLMENTDATE, ROLEID, COURSEID)
VALUES (518, 106, '2019-5-4', 604, 402)
INSERT INTO [ENROLLMENTTABLE](ENROLLMENTID, USERID,ENROLLMENTDATE, ROLEID, COURSEID)
VALUES (519, 107, '2019-7-5', 603, 403)
INSERT INTO [ENROLLMENTTABLE](ENROLLMENTID, USERID,ENROLLMENTDATE, ROLEID, COURSEID)
VALUES (520, 107, '2019-11-6', 604, 404)
INSERT INTO [ENROLLMENTTABLE](ENROLLMENTID, USERID,ENROLLMENTDATE, ROLEID, COURSEID)
VALUES (521, 107, '2019-3-3', 604, 401)
INSERT INTO [ENROLLMENTTABLE](ENROLLMENTID, USERID,ENROLLMENTDATE, ROLEID, COURSEID)
VALUES (522, 108, '2019-5-4', 603, 402)
INSERT INTO [ENROLLMENTTABLE](ENROLLMENTID, USERID,ENROLLMENTDATE, ROLEID, COURSEID)
VALUES (523, 108, '2019-7-5', 604, 403)
INSERT INTO [ENROLLMENTTABLE](ENROLLMENTID, USERID,ENROLLMENTDATE, ROLEID, COURSEID)
VALUES (524, 108, '2019-11-6', 604, 404)
INSERT INTO [ENROLLMENTTABLE](ENROLLMENTID, USERID,ENROLLMENTDATE, ROLEID, COURSEID)
VALUES (525, 109, '2019-3-3', 603, 401)
INSERT INTO [ENROLLMENTTABLE](ENROLLMENTID, USERID,ENROLLMENTDATE, ROLEID, COURSEID)
VALUES (526, 109, '2019-5-4', 604, 402)
INSERT INTO [ENROLLMENTTABLE](ENROLLMENTID, USERID,ENROLLMENTDATE, ROLEID, COURSEID)
VALUES (527, 109, '2019-7-5', 604, 403)
INSERT INTO [ENROLLMENTTABLE](ENROLLMENTID, USERID,ENROLLMENTDATE, ROLEID, COURSEID)
VALUES (528, 110, '2019-11-6', 603, 404)
INSERT INTO [ENROLLMENTTABLE](ENROLLMENTID, USERID,ENROLLMENTDATE, ROLEID, COURSEID)
VALUES (529, 110, '2019-3-3', 604, 401)
INSERT INTO [ENROLLMENTTABLE](ENROLLMENTID, USERID,ENROLLMENTDATE, ROLEID, COURSEID)
VALUES (530, 110, '2019-5-4', 604, 402)
INSERT INTO [ENROLLMENTTABLE](ENROLLMENTID, USERID,ENROLLMENTDATE, ROLEID, COURSEID)
VALUES (531, 111, '2019-7-5', 603, 403)
INSERT INTO [ENROLLMENTTABLE](ENROLLMENTID, USERID,ENROLLMENTDATE, ROLEID, COURSEID)
VALUES (532, 111, '2019-11-6', 604, 404)
INSERT INTO [ENROLLMENTTABLE](ENROLLMENTID, USERID,ENROLLMENTDATE, ROLEID, COURSEID)
VALUES (533, 111, '2019-3-3', 604, 401)
INSERT INTO [ENROLLMENTTABLE](ENROLLMENTID, USERID,ENROLLMENTDATE, ROLEID, COURSEID)
VALUES (534, 112, '2019-5-4' ,603, 402)
INSERT INTO [ENROLLMENTTABLE](ENROLLMENTID, USERID,ENROLLMENTDATE, ROLEID, COURSEID)
VALUES (535, 112, '2019-7-5', 604, 403)
INSERT INTO [ENROLLMENTTABLE](ENROLLMENTID, USERID,ENROLLMENTDATE, ROLEID, COURSEID)
VALUES (536, 112, '2019-11-6', 604, 404)
INSERT INTO [ENROLLMENTTABLE](ENROLLMENTID, USERID,ENROLLMENTDATE, ROLEID, COURSEID)
VALUES (537, 113, '2019-3-3', 603, 401)
INSERT INTO [ENROLLMENTTABLE](ENROLLMENTID, USERID,ENROLLMENTDATE, ROLEID, COURSEID)
VALUES (538, 113, '2019-5-4', 604, 402)
INSERT INTO [ENROLLMENTTABLE](ENROLLMENTID, USERID,ENROLLMENTDATE, ROLEID, COURSEID)
VALUES (539, 113, '2019-7-5', 604, 403)
INSERT INTO [ENROLLMENTTABLE](ENROLLMENTID, USERID,ENROLLMENTDATE, ROLEID, COURSEID)
VALUES (540, 114, '2019-11-6', 603, 404)
INSERT INTO [ENROLLMENTTABLE](ENROLLMENTID, USERID,ENROLLMENTDATE, ROLEID, COURSEID)
VALUES (541, 114, '2019-3-3', 604, 401)
INSERT INTO [ENROLLMENTTABLE](ENROLLMENTID, USERID,ENROLLMENTDATE, ROLEID, COURSEID)
VALUES (542, 114, '2019-5-4', 604, 402)
INSERT INTO [ENROLLMENTTABLE](ENROLLMENTID, USERID,ENROLLMENTDATE, ROLEID, COURSEID)
VALUES (543, 115, '2019-7-5', 603, 403)
INSERT INTO [ENROLLMENTTABLE](ENROLLMENTID, USERID,ENROLLMENTDATE, ROLEID, COURSEID)
VALUES (544, 115, '2019-11-6', 604, 404)
INSERT INTO [ENROLLMENTTABLE](ENROLLMENTID, USERID,ENROLLMENTDATE, ROLEID, COURSEID)
VALUES (545, 115, '2019-3-3', 604, 401)
INSERT INTO [ENROLLMENTTABLE](ENROLLMENTID, USERID,ENROLLMENTDATE, ROLEID, COURSEID)
VALUES (546, 116, '2019-5-4', 603, 402)
INSERT INTO [ENROLLMENTTABLE](ENROLLMENTID, USERID,ENROLLMENTDATE, ROLEID, COURSEID)
VALUES (547, 116, '2019-7-5', 604, 403)
INSERT INTO [ENROLLMENTTABLE](ENROLLMENTID, USERID,ENROLLMENTDATE, ROLEID, COURSEID)
VALUES (548,   116, '2019-11-6', 604, 404)
INSERT INTO [ENROLLMENTTABLE](ENROLLMENTID, USERID,ENROLLMENTDATE, ROLEID, COURSEID)
VALUES (549, 117, '2019-3-3', 603, 401)
INSERT INTO [ENROLLMENTTABLE](ENROLLMENTID, USERID,ENROLLMENTDATE, ROLEID, COURSEID)
VALUES (550, 117, '2019-5-4', 604, 402)
INSERT INTO [ENROLLMENTTABLE](ENROLLMENTID, USERID,ENROLLMENTDATE, ROLEID, COURSEID)
VALUES (551, 117, '2019-7-5', 604, 403)
INSERT INTO [ENROLLMENTTABLE](ENROLLMENTID, USERID,ENROLLMENTDATE, ROLEID, COURSEID)
VALUES (552, 118, '2019-11-6', 603, 404)
INSERT INTO [ENROLLMENTTABLE](ENROLLMENTID, USERID,ENROLLMENTDATE, ROLEID, COURSEID)
VALUES (553, 118, '2019-3-3', 604, 401)
INSERT INTO [ENROLLMENTTABLE](ENROLLMENTID, USERID,ENROLLMENTDATE, ROLEID, COURSEID)
VALUES (554, 118, '2019-5-4', 604, 402)
INSERT INTO [ENROLLMENTTABLE](ENROLLMENTID, USERID,ENROLLMENTDATE, ROLEID)
VALUES (555, 119, '2019-7-5', 602)
INSERT INTO [ENROLLMENTTABLE](ENROLLMENTID, USERID,ENROLLMENTDATE, ROLEID)
VALUES (556, 120, '2019-11-6', 601)

SELECT * FROM [ENROLLMENTTABLE]

